0, quia rerum vel, 36395, 33887, 51741, undefined, http://lorempixel.com/640/480/people, false, false punk, tempore voluptatem fugiat, Rigoberto Brakus, Tue Mar 19 2019 00:00:00 GMT-0400 (EDT), ℗ 2019 Interscope Records, © 2019 © 2019 Interscope Records, false
1, sit eius et, 43247, 49154, 60345, undefined, http://lorempixel.com/640/480/people, false, false classical, qui saepe labore, Carolyn Christiansen, Tue Mar 19 2019 00:00:00 GMT-0400 (EDT), ℗ 2019 Interscope Records, © 2019 © 2019 Interscope Records, true
2, omnis modi possimus, 68728, 94458, 27216, undefined, http://lorempixel.com/640/480/people, false, false country, qui modi necessitatibus, Michaela Koepp, Tue Mar 19 2019 00:00:00 GMT-0400 (EDT), ℗ 2019 Interscope Records, © 2019 © 2019 Interscope Records, false
3, est nesciunt quam, 70810, 33009, 32331, undefined, http://lorempixel.com/640/480/people, false, false country, cum corporis nihil, Jovani Kiehn, Tue Mar 19 2019 00:00:00 GMT-0400 (EDT), ℗ 2019 Interscope Records, © 2019 © 2019 Interscope Records, true
4, consequatur officiis id, 83186, 41375, 25116, undefined, http://lorempixel.com/640/480/people, false, false hip hop, quidem officiis possimus, Ozella Hartmann, Tue Mar 19 2019 00:00:00 GMT-0400 (EDT), ℗ 2019 Interscope Records, © 2019 © 2019 Interscope Records, false
5, sunt est quia, 90707, 32819, 45972, undefined, http://lorempixel.com/640/480/people, false, false classical, incidunt repellat beatae, Jarrod Strosin, Tue Mar 19 2019 00:00:00 GMT-0400 (EDT), ℗ 2019 Interscope Records, © 2019 © 2019 Interscope Records, false
6, voluptatem nulla voluptatem, 67464, 5333, 50145, undefined, http://lorempixel.com/640/480/people, false, false indie, ipsum autem hic, Rachel Schultz, Tue Mar 19 2019 00:00:00 GMT-0400 (EDT), ℗ 2019 Interscope Records, © 2019 © 2019 Interscope Records, false
7, reprehenderit quo ea, 14530, 22590, 94380, undefined, http://lorempixel.com/640/480/people, false, false indie, sit nulla eos, Domingo Jacobs, Tue Mar 19 2019 00:00:00 GMT-0400 (EDT), ℗ 2019 Interscope Records, © 2019 © 2019 Interscope Records, false
8, labore at modi, 22884, 55050, 10475, undefined, http://lorempixel.com/640/480/people, false, false r&b, quisquam temporibus aut, Amira Gutmann, Tue Mar 19 2019 00:00:00 GMT-0400 (EDT), ℗ 2019 Interscope Records, © 2019 © 2019 Interscope Records, false
9, earum minus aut, 25116, 66793, 45131, undefined, http://lorempixel.com/640/480/people, false, false indie, iure laboriosam quia, Willie Mueller, Tue Mar 19 2019 00:00:00 GMT-0400 (EDT), ℗ 2019 Interscope Records, © 2019 © 2019 Interscope Records, true
10, sit ratione sunt, 2916, 36616, 68366, undefined, http://lorempixel.com/640/480/people, false, false classical, est assumenda quia, Alexa Cruickshank, Tue Mar 19 2019 00:00:00 GMT-0400 (EDT), ℗ 2019 Interscope Records, © 2019 © 2019 Interscope Records, false
11, explicabo et qui, 43521, 40825, 51491, undefined, http://lorempixel.com/640/480/people, false, false r&b, praesentium dolor eveniet, Leora Daugherty, Tue Mar 19 2019 00:00:00 GMT-0400 (EDT), ℗ 2019 Interscope Records, © 2019 © 2019 Interscope Records, false
12, laborum porro nulla, 9964, 91284, 17423, undefined, http://lorempixel.com/640/480/people, false, false r&b, qui dolores est, Alexane Larkin, Tue Mar 19 2019 00:00:00 GMT-0400 (EDT), ℗ 2019 Interscope Records, © 2019 © 2019 Interscope Records, true
13, repellat tempora omnis, 16222, 98629, 2974, undefined, http://lorempixel.com/640/480/people, false, false hip hop, sint repellendus animi, Ignacio Pouros, Tue Mar 19 2019 00:00:00 GMT-0400 (EDT), ℗ 2019 Interscope Records, © 2019 © 2019 Interscope Records, false
14, voluptatem tenetur ex, 76616, 15351, 65713, undefined, http://lorempixel.com/640/480/people, false, false indie, aut maxime voluptatem, Estevan Rippin, Tue Mar 19 2019 00:00:00 GMT-0400 (EDT), ℗ 2019 Interscope Records, © 2019 © 2019 Interscope Records, false
15, nam odit atque, 3863, 54772, 98922, undefined, http://lorempixel.com/640/480/people, false, false country, officiis et dolor, Dena Reichert, Tue Mar 19 2019 00:00:00 GMT-0400 (EDT), ℗ 2019 Interscope Records, © 2019 © 2019 Interscope Records, false
16, aperiam molestias voluptatibus, 55175, 99223, 5933, undefined, http://lorempixel.com/640/480/people, false, false indie, nam eos labore, Werner Purdy, Tue Mar 19 2019 00:00:00 GMT-0400 (EDT), ℗ 2019 Interscope Records, © 2019 © 2019 Interscope Records, false
17, expedita voluptates nesciunt, 59208, 95443, 29951, undefined, http://lorempixel.com/640/480/people, false, false country, sapiente et et, Otto Murray, Tue Mar 19 2019 00:00:00 GMT-0400 (EDT), ℗ 2019 Interscope Records, © 2019 © 2019 Interscope Records, false
18, sint qui pariatur, 74761, 15707, 9774, undefined, http://lorempixel.com/640/480/people, false, false classical, tempora sint sed, Kaia Bailey, Tue Mar 19 2019 00:00:00 GMT-0400 (EDT), ℗ 2019 Interscope Records, © 2019 © 2019 Interscope Records, true
19, et vel cupiditate, 78041, 80370, 15242, undefined, http://lorempixel.com/640/480/people, false, false country, voluptatem recusandae illum, Carolyn Davis, Tue Mar 19 2019 00:00:00 GMT-0400 (EDT), ℗ 2019 Interscope Records, © 2019 © 2019 Interscope Records, true
20, rem optio quisquam, 64946, 37498, 78699, undefined, http://lorempixel.com/640/480/people, false, false indie, aut ullam molestiae, Mallie Smith, Tue Mar 19 2019 00:00:00 GMT-0400 (EDT), ℗ 2019 Interscope Records, © 2019 © 2019 Interscope Records, false
21, quod eos rerum, 61921, 66126, 59732, undefined, http://lorempixel.com/640/480/people, false, false classical, assumenda aspernatur non, Giovanny Mosciski, Tue Mar 19 2019 00:00:00 GMT-0400 (EDT), ℗ 2019 Interscope Records, © 2019 © 2019 Interscope Records, false
22, adipisci distinctio sunt, 4499, 43470, 52512, undefined, http://lorempixel.com/640/480/people, false, false hip hop, eveniet sed quam, Augustine Fay, Tue Mar 19 2019 00:00:00 GMT-0400 (EDT), ℗ 2019 Interscope Records, © 2019 © 2019 Interscope Records, true
23, assumenda natus repellat, 17291, 944, 6563, undefined, http://lorempixel.com/640/480/people, false, false classical, voluptas et veritatis, Mylene Spencer, Tue Mar 19 2019 00:00:00 GMT-0400 (EDT), ℗ 2019 Interscope Records, © 2019 © 2019 Interscope Records, true
24, officia cum sequi, 78213, 16130, 97724, undefined, http://lorempixel.com/640/480/people, false, false classical, omnis nesciunt nobis, Horacio Konopelski, Tue Mar 19 2019 00:00:00 GMT-0400 (EDT), ℗ 2019 Interscope Records, © 2019 © 2019 Interscope Records, true
25, maiores repellat enim, 91844, 87124, 70348, undefined, http://lorempixel.com/640/480/people, false, false hip hop, nihil deleniti ea, Jade Murphy, Tue Mar 19 2019 00:00:00 GMT-0400 (EDT), ℗ 2019 Interscope Records, © 2019 © 2019 Interscope Records, true
26, blanditiis et voluptatem, 1216, 14857, 21471, undefined, http://lorempixel.com/640/480/people, false, false r&b, deleniti et dolore, Guiseppe Kreiger, Tue Mar 19 2019 00:00:00 GMT-0400 (EDT), ℗ 2019 Interscope Records, © 2019 © 2019 Interscope Records, true
27, cupiditate nobis sequi, 91382, 80977, 85496, undefined, http://lorempixel.com/640/480/people, false, false country, nisi illo aut, Tremayne Marquardt, Tue Mar 19 2019 00:00:00 GMT-0400 (EDT), ℗ 2019 Interscope Records, © 2019 © 2019 Interscope Records, false
28, consequatur veritatis maxime, 75699, 37214, 6563, undefined, http://lorempixel.com/640/480/people, false, false country, et enim mollitia, Cecilia Christiansen, Tue Mar 19 2019 00:00:00 GMT-0400 (EDT), ℗ 2019 Interscope Records, © 2019 © 2019 Interscope Records, true
29, voluptates natus eveniet, 83322, 15361, 79420, undefined, http://lorempixel.com/640/480/people, false, false hip hop, et quas deleniti, Rudy Klocko, Tue Mar 19 2019 00:00:00 GMT-0400 (EDT), ℗ 2019 Interscope Records, © 2019 © 2019 Interscope Records, false
30, repellat a maxime, 94785, 98469, 87985, undefined, http://lorempixel.com/640/480/people, false, false r&b, et enim fuga, Fannie Roob, Tue Mar 19 2019 00:00:00 GMT-0400 (EDT), ℗ 2019 Interscope Records, © 2019 © 2019 Interscope Records, true
31, consequatur adipisci veritatis, 47980, 96126, 9331, undefined, http://lorempixel.com/640/480/people, false, false punk, dolore voluptas id, Caitlyn Borer, Tue Mar 19 2019 00:00:00 GMT-0400 (EDT), ℗ 2019 Interscope Records, © 2019 © 2019 Interscope Records, true
32, voluptates explicabo quod, 68878, 82190, 48002, undefined, http://lorempixel.com/640/480/people, false, false hip hop, alias corporis alias, Elinor Thiel, Tue Mar 19 2019 00:00:00 GMT-0400 (EDT), ℗ 2019 Interscope Records, © 2019 © 2019 Interscope Records, false
33, dolor deserunt nihil, 28113, 35954, 6647, undefined, http://lorempixel.com/640/480/people, false, false classical, aperiam voluptas ut, Jeanie Parisian, Tue Mar 19 2019 00:00:00 GMT-0400 (EDT), ℗ 2019 Interscope Records, © 2019 © 2019 Interscope Records, false
34, consequuntur deleniti perferendis, 44747, 87306, 11932, undefined, http://lorempixel.com/640/480/people, false, false classical, rerum accusantium aut, Ruth McClure, Tue Mar 19 2019 00:00:00 GMT-0400 (EDT), ℗ 2019 Interscope Records, © 2019 © 2019 Interscope Records, true
35, impedit voluptatum fuga, 84665, 15274, 63232, undefined, http://lorempixel.com/640/480/people, false, false hip hop, quis consectetur quae, Daphnee Kiehn, Tue Mar 19 2019 00:00:00 GMT-0400 (EDT), ℗ 2019 Interscope Records, © 2019 © 2019 Interscope Records, false
36, architecto placeat vel, 1414, 47635, 48986, undefined, http://lorempixel.com/640/480/people, false, false r&b, dicta quae minus, Charlotte Jones, Tue Mar 19 2019 00:00:00 GMT-0400 (EDT), ℗ 2019 Interscope Records, © 2019 © 2019 Interscope Records, true
37, id consequatur voluptas, 31954, 29067, 96135, undefined, http://lorempixel.com/640/480/people, false, false country, numquam autem numquam, Felicity Kuhic, Tue Mar 19 2019 00:00:00 GMT-0400 (EDT), ℗ 2019 Interscope Records, © 2019 © 2019 Interscope Records, true
38, officiis aut quidem, 93567, 3717, 83656, undefined, http://lorempixel.com/640/480/people, false, false classical, doloribus cupiditate magni, Ethyl Howell, Tue Mar 19 2019 00:00:00 GMT-0400 (EDT), ℗ 2019 Interscope Records, © 2019 © 2019 Interscope Records, false
39, possimus ut aut, 81290, 91921, 66144, undefined, http://lorempixel.com/640/480/people, false, false indie, aliquid recusandae molestiae, Pablo Upton, Tue Mar 19 2019 00:00:00 GMT-0400 (EDT), ℗ 2019 Interscope Records, © 2019 © 2019 Interscope Records, true
40, itaque magni distinctio, 15398, 67835, 13634, undefined, http://lorempixel.com/640/480/people, false, false hip hop, qui nulla nostrum, Amira Hauck, Tue Mar 19 2019 00:00:00 GMT-0400 (EDT), ℗ 2019 Interscope Records, © 2019 © 2019 Interscope Records, true
41, voluptatem numquam nesciunt, 78117, 25913, 25836, undefined, http://lorempixel.com/640/480/people, false, false punk, asperiores voluptatem fuga, Annabel Crona, Tue Mar 19 2019 00:00:00 GMT-0400 (EDT), ℗ 2019 Interscope Records, © 2019 © 2019 Interscope Records, true
42, ea perferendis voluptatem, 71298, 11149, 58334, undefined, http://lorempixel.com/640/480/people, false, false classical, nulla id distinctio, Darwin Tromp, Tue Mar 19 2019 00:00:00 GMT-0400 (EDT), ℗ 2019 Interscope Records, © 2019 © 2019 Interscope Records, false
43, rerum voluptate nostrum, 70740, 30317, 68845, undefined, http://lorempixel.com/640/480/people, false, false classical, itaque quo molestiae, Baron Carroll, Tue Mar 19 2019 00:00:00 GMT-0400 (EDT), ℗ 2019 Interscope Records, © 2019 © 2019 Interscope Records, false
44, aut consequatur ut, 65845, 325, 61418, undefined, http://lorempixel.com/640/480/people, false, false classical, accusamus doloribus eius, Deangelo DuBuque, Tue Mar 19 2019 00:00:00 GMT-0400 (EDT), ℗ 2019 Interscope Records, © 2019 © 2019 Interscope Records, true
45, dolor ullam minima, 1628, 56177, 97037, undefined, http://lorempixel.com/640/480/people, false, false classical, possimus incidunt amet, Scarlett Emard, Tue Mar 19 2019 00:00:00 GMT-0400 (EDT), ℗ 2019 Interscope Records, © 2019 © 2019 Interscope Records, false
46, autem minima distinctio, 19334, 60546, 99417, undefined, http://lorempixel.com/640/480/people, false, false indie, sed reiciendis dolorem, Johnnie Lubowitz, Tue Mar 19 2019 00:00:00 GMT-0400 (EDT), ℗ 2019 Interscope Records, © 2019 © 2019 Interscope Records, true
47, aut consequatur velit, 64672, 14987, 75051, undefined, http://lorempixel.com/640/480/people, false, false hip hop, ipsum et exercitationem, Otilia Murphy, Tue Mar 19 2019 00:00:00 GMT-0400 (EDT), ℗ 2019 Interscope Records, © 2019 © 2019 Interscope Records, true
48, velit rerum quo, 85249, 38765, 10795, undefined, http://lorempixel.com/640/480/people, false, false indie, laudantium porro voluptatem, Orlo Johnston, Tue Mar 19 2019 00:00:00 GMT-0400 (EDT), ℗ 2019 Interscope Records, © 2019 © 2019 Interscope Records, true
49, distinctio quibusdam cum, 24942, 42495, 28608, undefined, http://lorempixel.com/640/480/people, false, false hip hop, corporis eos recusandae, Raquel Nolan, Tue Mar 19 2019 00:00:00 GMT-0400 (EDT), ℗ 2019 Interscope Records, © 2019 © 2019 Interscope Records, false
50, et eos aliquid, 52585, 69374, 11780, undefined, http://lorempixel.com/640/480/people, false, false hip hop, molestias qui ducimus, Carrie Batz, Tue Mar 19 2019 00:00:00 GMT-0400 (EDT), ℗ 2019 Interscope Records, © 2019 © 2019 Interscope Records, false
51, totam deserunt nulla, 46929, 2704, 23188, undefined, http://lorempixel.com/640/480/people, false, false punk, et numquam eum, Odell Keebler, Tue Mar 19 2019 00:00:00 GMT-0400 (EDT), ℗ 2019 Interscope Records, © 2019 © 2019 Interscope Records, true
52, possimus rerum a, 50036, 31554, 14403, undefined, http://lorempixel.com/640/480/people, false, false indie, assumenda non qui, Leonor Howell, Tue Mar 19 2019 00:00:00 GMT-0400 (EDT), ℗ 2019 Interscope Records, © 2019 © 2019 Interscope Records, false
53, qui sed accusantium, 56909, 96091, 58269, undefined, http://lorempixel.com/640/480/people, false, false hip hop, dolores laudantium vel, Allie Mayer, Tue Mar 19 2019 00:00:00 GMT-0400 (EDT), ℗ 2019 Interscope Records, © 2019 © 2019 Interscope Records, true
54, sunt impedit quia, 63640, 29242, 67006, undefined, http://lorempixel.com/640/480/people, false, false r&b, necessitatibus illum deserunt, Coy Lehner, Tue Mar 19 2019 00:00:00 GMT-0400 (EDT), ℗ 2019 Interscope Records, © 2019 © 2019 Interscope Records, true
55, corrupti sed voluptas, 75167, 91929, 11443, undefined, http://lorempixel.com/640/480/people, false, false indie, porro a voluptas, Lucienne Marks, Tue Mar 19 2019 00:00:00 GMT-0400 (EDT), ℗ 2019 Interscope Records, © 2019 © 2019 Interscope Records, true
56, et alias magnam, 21541, 83994, 47786, undefined, http://lorempixel.com/640/480/people, false, false hip hop, ducimus est et, Irma Wisozk, Tue Mar 19 2019 00:00:00 GMT-0400 (EDT), ℗ 2019 Interscope Records, © 2019 © 2019 Interscope Records, true
57, qui aliquam quaerat, 33337, 31099, 54236, undefined, http://lorempixel.com/640/480/people, false, false indie, et fuga ullam, Cornell Osinski, Tue Mar 19 2019 00:00:00 GMT-0400 (EDT), ℗ 2019 Interscope Records, © 2019 © 2019 Interscope Records, true
58, odit omnis fugiat, 3922, 87674, 36616, undefined, http://lorempixel.com/640/480/people, false, false classical, expedita assumenda reprehenderit, Tillman Gutmann, Tue Mar 19 2019 00:00:00 GMT-0400 (EDT), ℗ 2019 Interscope Records, © 2019 © 2019 Interscope Records, false
59, officiis consequatur maxime, 5638, 65051, 97157, undefined, http://lorempixel.com/640/480/people, false, false classical, voluptates adipisci totam, Demarcus Legros, Tue Mar 19 2019 00:00:00 GMT-0400 (EDT), ℗ 2019 Interscope Records, © 2019 © 2019 Interscope Records, true
60, neque non ab, 30777, 45332, 8467, undefined, http://lorempixel.com/640/480/people, false, false country, aut necessitatibus animi, Jaylon Effertz, Tue Mar 19 2019 00:00:00 GMT-0400 (EDT), ℗ 2019 Interscope Records, © 2019 © 2019 Interscope Records, true
61, sit possimus et, 56600, 33667, 30784, undefined, http://lorempixel.com/640/480/people, false, false indie, aut sit quia, Juston Thiel, Tue Mar 19 2019 00:00:00 GMT-0400 (EDT), ℗ 2019 Interscope Records, © 2019 © 2019 Interscope Records, false
62, provident suscipit provident, 34082, 55805, 80517, undefined, http://lorempixel.com/640/480/people, false, false r&b, sed voluptates ut, Edwin Medhurst, Tue Mar 19 2019 00:00:00 GMT-0400 (EDT), ℗ 2019 Interscope Records, © 2019 © 2019 Interscope Records, false
63, et rerum fugit, 43512, 970, 85015, undefined, http://lorempixel.com/640/480/people, false, false r&b, totam distinctio voluptatem, Darron Dooley, Tue Mar 19 2019 00:00:00 GMT-0400 (EDT), ℗ 2019 Interscope Records, © 2019 © 2019 Interscope Records, true
64, ipsa ut sint, 59896, 34252, 72554, undefined, http://lorempixel.com/640/480/people, false, false indie, excepturi odio harum, Halle Lowe, Tue Mar 19 2019 00:00:00 GMT-0400 (EDT), ℗ 2019 Interscope Records, © 2019 © 2019 Interscope Records, false
65, cupiditate voluptas eum, 27274, 41939, 57060, undefined, http://lorempixel.com/640/480/people, false, false country, sequi deleniti dolorum, Bailey Schuppe, Tue Mar 19 2019 00:00:00 GMT-0400 (EDT), ℗ 2019 Interscope Records, © 2019 © 2019 Interscope Records, false
66, nisi aperiam mollitia, 19830, 62737, 81226, undefined, http://lorempixel.com/640/480/people, false, false punk, rem aut dicta, Hoyt Altenwerth, Tue Mar 19 2019 00:00:00 GMT-0400 (EDT), ℗ 2019 Interscope Records, © 2019 © 2019 Interscope Records, true
67, modi consequatur veritatis, 88414, 44722, 5282, undefined, http://lorempixel.com/640/480/people, false, false r&b, sit inventore perspiciatis, Lavon Langosh, Tue Mar 19 2019 00:00:00 GMT-0400 (EDT), ℗ 2019 Interscope Records, © 2019 © 2019 Interscope Records, false
68, deserunt nulla perspiciatis, 35700, 54031, 54115, undefined, http://lorempixel.com/640/480/people, false, false hip hop, velit odio quae, Virgie Murazik, Tue Mar 19 2019 00:00:00 GMT-0400 (EDT), ℗ 2019 Interscope Records, © 2019 © 2019 Interscope Records, false
69, dolores non voluptas, 88618, 78626, 47314, undefined, http://lorempixel.com/640/480/people, false, false classical, non amet est, Connie Stracke, Tue Mar 19 2019 00:00:00 GMT-0400 (EDT), ℗ 2019 Interscope Records, © 2019 © 2019 Interscope Records, true
70, tenetur sint quasi, 32054, 10442, 9148, undefined, http://lorempixel.com/640/480/people, false, false r&b, maiores quae vero, Erick Cummings, Tue Mar 19 2019 00:00:00 GMT-0400 (EDT), ℗ 2019 Interscope Records, © 2019 © 2019 Interscope Records, true
71, nemo eaque voluptas, 43917, 5091, 45188, undefined, http://lorempixel.com/640/480/people, false, false hip hop, nisi qui occaecati, Ashlynn King, Tue Mar 19 2019 00:00:00 GMT-0400 (EDT), ℗ 2019 Interscope Records, © 2019 © 2019 Interscope Records, false
72, porro doloribus animi, 61628, 21605, 34920, undefined, http://lorempixel.com/640/480/people, false, false hip hop, dignissimos assumenda exercitationem, Kendrick Nienow, Tue Mar 19 2019 00:00:00 GMT-0400 (EDT), ℗ 2019 Interscope Records, © 2019 © 2019 Interscope Records, false
73, numquam eligendi laudantium, 18270, 6035, 65259, undefined, http://lorempixel.com/640/480/people, false, false hip hop, eveniet ut iusto, Jaunita Lynch, Tue Mar 19 2019 00:00:00 GMT-0400 (EDT), ℗ 2019 Interscope Records, © 2019 © 2019 Interscope Records, true
74, dolorum porro eligendi, 51102, 98575, 87001, undefined, http://lorempixel.com/640/480/people, false, false classical, laudantium modi nam, Marjolaine Glover, Tue Mar 19 2019 00:00:00 GMT-0400 (EDT), ℗ 2019 Interscope Records, © 2019 © 2019 Interscope Records, false
75, quod numquam a, 1744, 85535, 87954, undefined, http://lorempixel.com/640/480/people, false, false classical, quam deserunt debitis, Jacquelyn Kuvalis, Tue Mar 19 2019 00:00:00 GMT-0400 (EDT), ℗ 2019 Interscope Records, © 2019 © 2019 Interscope Records, false
76, sequi ut quisquam, 79858, 53620, 72369, undefined, http://lorempixel.com/640/480/people, false, false classical, autem voluptas quas, Pattie Deckow, Tue Mar 19 2019 00:00:00 GMT-0400 (EDT), ℗ 2019 Interscope Records, © 2019 © 2019 Interscope Records, true
77, ullam molestias nobis, 43727, 23663, 11043, undefined, http://lorempixel.com/640/480/people, false, false hip hop, temporibus magni omnis, Lurline Hettinger, Tue Mar 19 2019 00:00:00 GMT-0400 (EDT), ℗ 2019 Interscope Records, © 2019 © 2019 Interscope Records, false
78, unde nobis rem, 88813, 36433, 60180, undefined, http://lorempixel.com/640/480/people, false, false hip hop, commodi inventore odit, Marco Bashirian, Tue Mar 19 2019 00:00:00 GMT-0400 (EDT), ℗ 2019 Interscope Records, © 2019 © 2019 Interscope Records, true
79, aspernatur accusamus dolorem, 75690, 69652, 4470, undefined, http://lorempixel.com/640/480/people, false, false country, debitis et repellendus, Tierra Schimmel, Tue Mar 19 2019 00:00:00 GMT-0400 (EDT), ℗ 2019 Interscope Records, © 2019 © 2019 Interscope Records, false
80, velit impedit enim, 56702, 15020, 21062, undefined, http://lorempixel.com/640/480/people, false, false classical, quos alias voluptas, Willow Cassin, Tue Mar 19 2019 00:00:00 GMT-0400 (EDT), ℗ 2019 Interscope Records, © 2019 © 2019 Interscope Records, true
81, eum tenetur totam, 12570, 50382, 47538, undefined, http://lorempixel.com/640/480/people, false, false punk, ipsa voluptas ipsam, Karley Mante, Tue Mar 19 2019 00:00:00 GMT-0400 (EDT), ℗ 2019 Interscope Records, © 2019 © 2019 Interscope Records, true
82, id accusamus debitis, 73613, 82740, 94648, undefined, http://lorempixel.com/640/480/people, false, false classical, vel et nobis, Jaylen Zieme, Tue Mar 19 2019 00:00:00 GMT-0400 (EDT), ℗ 2019 Interscope Records, © 2019 © 2019 Interscope Records, false
83, dolores qui itaque, 32911, 2309, 11551, undefined, http://lorempixel.com/640/480/people, false, false r&b, officiis eum est, Lenny Muller, Tue Mar 19 2019 00:00:00 GMT-0400 (EDT), ℗ 2019 Interscope Records, © 2019 © 2019 Interscope Records, false
84, ea repudiandae aut, 42890, 85478, 63543, undefined, http://lorempixel.com/640/480/people, false, false hip hop, enim voluptatibus vel, Josiah Zemlak, Tue Mar 19 2019 00:00:00 GMT-0400 (EDT), ℗ 2019 Interscope Records, © 2019 © 2019 Interscope Records, true
85, vel eos aperiam, 72803, 26120, 55135, undefined, http://lorempixel.com/640/480/people, false, false indie, est aliquid doloremque, Anne Hirthe, Tue Mar 19 2019 00:00:00 GMT-0400 (EDT), ℗ 2019 Interscope Records, © 2019 © 2019 Interscope Records, false
86, natus necessitatibus incidunt, 55174, 69518, 3635, undefined, http://lorempixel.com/640/480/people, false, false indie, in reprehenderit voluptatem, Cielo Bashirian, Tue Mar 19 2019 00:00:00 GMT-0400 (EDT), ℗ 2019 Interscope Records, © 2019 © 2019 Interscope Records, true
87, fugiat quis est, 1268, 12689, 59276, undefined, http://lorempixel.com/640/480/people, false, false r&b, perferendis veritatis itaque, Wilfrid Hansen, Tue Mar 19 2019 00:00:00 GMT-0400 (EDT), ℗ 2019 Interscope Records, © 2019 © 2019 Interscope Records, true
88, tempora consequatur saepe, 97502, 21434, 41591, undefined, http://lorempixel.com/640/480/people, false, false indie, sit asperiores est, Milo Howell, Tue Mar 19 2019 00:00:00 GMT-0400 (EDT), ℗ 2019 Interscope Records, © 2019 © 2019 Interscope Records, true
89, mollitia est et, 41996, 76991, 62434, undefined, http://lorempixel.com/640/480/people, false, false hip hop, sunt repellendus repellendus, Eloisa Mayer, Tue Mar 19 2019 00:00:00 GMT-0400 (EDT), ℗ 2019 Interscope Records, © 2019 © 2019 Interscope Records, true
90, maiores et temporibus, 51406, 37533, 41947, undefined, http://lorempixel.com/640/480/people, false, false punk, eaque esse accusamus, Jedediah Spencer, Tue Mar 19 2019 00:00:00 GMT-0400 (EDT), ℗ 2019 Interscope Records, © 2019 © 2019 Interscope Records, true
91, est quisquam enim, 74729, 98716, 95710, undefined, http://lorempixel.com/640/480/people, false, false punk, esse optio soluta, Mariana Kunde, Tue Mar 19 2019 00:00:00 GMT-0400 (EDT), ℗ 2019 Interscope Records, © 2019 © 2019 Interscope Records, false
92, labore est nihil, 90856, 20454, 61652, undefined, http://lorempixel.com/640/480/people, false, false indie, omnis tenetur vero, Audreanne Hackett, Tue Mar 19 2019 00:00:00 GMT-0400 (EDT), ℗ 2019 Interscope Records, © 2019 © 2019 Interscope Records, false
93, dolore consequatur pariatur, 73567, 91352, 2526, undefined, http://lorempixel.com/640/480/people, false, false classical, atque aut iure, Christa Lindgren, Tue Mar 19 2019 00:00:00 GMT-0400 (EDT), ℗ 2019 Interscope Records, © 2019 © 2019 Interscope Records, false
94, culpa voluptatum sapiente, 54703, 40650, 52307, undefined, http://lorempixel.com/640/480/people, false, false indie, et nihil accusantium, Cierra Waelchi, Tue Mar 19 2019 00:00:00 GMT-0400 (EDT), ℗ 2019 Interscope Records, © 2019 © 2019 Interscope Records, false
95, fuga ab qui, 85880, 62452, 9546, undefined, http://lorempixel.com/640/480/people, false, false hip hop, soluta sint consequatur, Sibyl Mraz, Tue Mar 19 2019 00:00:00 GMT-0400 (EDT), ℗ 2019 Interscope Records, © 2019 © 2019 Interscope Records, true
96, dolorem iusto atque, 23606, 12878, 63183, undefined, http://lorempixel.com/640/480/people, false, false classical, odio consectetur sunt, Cruz Kessler, Tue Mar 19 2019 00:00:00 GMT-0400 (EDT), ℗ 2019 Interscope Records, © 2019 © 2019 Interscope Records, false
97, voluptas eius fugit, 91656, 61550, 66236, undefined, http://lorempixel.com/640/480/people, false, false hip hop, maxime omnis eveniet, Piper Brown, Tue Mar 19 2019 00:00:00 GMT-0400 (EDT), ℗ 2019 Interscope Records, © 2019 © 2019 Interscope Records, false
98, dolores aliquid quia, 16764, 77391, 50739, undefined, http://lorempixel.com/640/480/people, false, false punk, voluptatem voluptatibus totam, Maxine Purdy, Tue Mar 19 2019 00:00:00 GMT-0400 (EDT), ℗ 2019 Interscope Records, © 2019 © 2019 Interscope Records, false
99, quidem iusto veniam, 11832, 95986, 41481, undefined, http://lorempixel.com/640/480/people, false, false classical, minima et et, Candice Schaden, Tue Mar 19 2019 00:00:00 GMT-0400 (EDT), ℗ 2019 Interscope Records, © 2019 © 2019 Interscope Records, true
100, non voluptatem consequatur, 63591, 22814, 88533, undefined, http://lorempixel.com/640/480/people, false, false punk, earum vel iste, Aiyana Stroman, Tue Mar 19 2019 00:00:00 GMT-0400 (EDT), ℗ 2019 Interscope Records, © 2019 © 2019 Interscope Records, false
